{"_runtime":21.479957,"_step":10,"test_rmse":560.0884399414062,"test_mape":0.2869429290294647,"_timestamp":1.742399587790259e+09,"test_mse":313699.0625,"test_mspe":0.08277635276317596,"test_d_stat":51.75561797752809,"Final Batch Visualization":{"_type":"image-file","sha256":"66baa428f672d1036a7d9b4060f03c10603e34a78c05ee3b493471255a3816ee","size":37285,"path":"media/images/Final Batch Visualization_9_66baa428f672d1036a7d.png","format":"png","width":1000,"height":500},"test_mae":557.3035278320312,"_wandb":{"runtime":21}}