{"_runtime":22.393533,"test_mape":0.24591770768165588,"test_rmse":481.4832763671875,"test_d_stat":52.0189606741573,"test_mse":231826.140625,"_step":10,"Final Batch Visualization":{"sha256":"6f700b27d79dcd0f62f9cd3821f1bc8e3a9d5a7729ae4f80b6a34faccb300b50","size":38214,"path":"media/images/Final Batch Visualization_9_6f700b27d79dcd0f62f9.png","format":"png","width":1000,"height":500,"_type":"image-file"},"test_mae":477.8888854980469,"_timestamp":1.742399565056297e+09,"test_mspe":0.06103911250829697,"_wandb":{"runtime":22}}