{"test_mspe":0.0066476846113801,"test_d_stat":48.232677902621724,"_wandb":{"runtime":224},"test_mape":0.07255206257104874,"test_mse":25627.99609375,"Final Batch Visualization":{"height":500,"_type":"image-file","sha256":"57b7478a76ab69f68edff87b086f495f3bcc502aba4a175dac9a7e13008956cf","size":40977,"path":"media/images/Final Batch Visualization_9_57b7478a76ab69f68edf.png","format":"png","width":1000},"_runtime":224.860952,"test_rmse":160.08746337890625,"test_mae":141.94482421875,"_step":10,"_timestamp":1.742444247344022e+09}