{"_timestamp":1.742443513503119e+09,"test_d_stat":48.30875468164794,"_wandb":{"runtime":121},"_runtime":121.272771,"_step":10,"test_mae":140.35682678222656,"test_mape":0.071733757853508,"Final Batch Visualization":{"height":500,"_type":"image-file","sha256":"0ee9962c95d316afe99be1694552101daccafea5e25f0d4a6d4a37a428f5875c","size":41531,"path":"media/images/Final Batch Visualization_9_0ee9962c95d316afe99b.png","format":"png","width":1000},"test_mse":25126.078125,"test_mspe":0.00650643277913332,"test_rmse":158.51206970214844}