{"_step":10,"test_d_stat":47.237827715355806,"Final Batch Visualization":{"format":"png","width":1000,"height":500,"_type":"image-file","sha256":"7c25a2d3e0d5986dbab3b48d04a80c52e2e01f84c1ed02617c5831032ff36b82","size":40953,"path":"media/images/Final Batch Visualization_9_7c25a2d3e0d5986dbab3.png"},"test_rmse":164.98068237304688,"test_mse":27218.623046875,"test_mspe":0.0070597161538898945,"test_mape":0.07598920911550522,"_wandb":{"runtime":122},"test_mae":148.67591857910156,"_runtime":122.532893,"_timestamp":1.742443637494316e+09}