{"_runtime":4.41135,"test_rmse":1380.35986328125,"test_mspe":0.5080342888832092,"test_mae":1106.7308349609375,"_wandb":{"runtime":4},"test_d_stat":50.01170411985019,"Final Batch Visualization":{"_type":"image-file","sha256":"b6ca694dc72c21507015353a02822234c3c8aeee92d5be7afa7cfaf54248a6e2","size":44619,"path":"media/images/Final Batch Visualization_9_b6ca694dc72c21507015.png","format":"png","width":1000,"height":500},"_step":10,"test_mse":1.905393375e+06,"_timestamp":1.742538900400789e+09,"test_mape":0.571358859539032}