{"test_mae":500.24322509765625,"test_d_stat":47.41924157303371,"_timestamp":1.7423996106187131e+09,"test_mse":253628.171875,"_wandb":{"runtime":21},"_runtime":21.717124,"Final Batch Visualization":{"_type":"image-file","sha256":"4fa183e6220177f202e76fb4bf747109d64f76393330acf5b335bab0e49365d9","size":38722,"path":"media/images/Final Batch Visualization_9_4fa183e6220177f202e7.png","format":"png","width":1000,"height":500},"test_mspe":0.06681662797927856,"test_rmse":503.6151123046875,"_step":10,"test_mape":0.25744903087615967}