{"test_mape":0.11544562131166458,"test_mse":76183.2421875,"Final Batch Visualization":{"format":"png","width":1000,"height":500,"_type":"image-file","sha256":"00bf014acf58bd94ff202584650206fbd3063c249fbd7773995282d3f64bfc16","size":49481,"path":"media/images/Final Batch Visualization_9_00bf014acf58bd94ff20.png"},"_step":10,"test_mspe":0.02056693658232689,"_timestamp":1.742537199825695e+09,"test_d_stat":50.081928838951306,"_wandb":{"runtime":5},"_runtime":5.005012,"test_rmse":276.01312255859375,"test_mae":222.76959228515625}