{"Final Batch Visualization":{"size":42253,"path":"media/images/Final Batch Visualization_9_94dbf3316d6d663e1d53.png","format":"png","width":1000,"height":500,"_type":"image-file","sha256":"94dbf3316d6d663e1d53f4b10b3432ac44143d93582ba670eace350a4a8a2ac8"},"test_d_stat":49.15145131086142,"_step":10,"test_mae":195.91531372070312,"_timestamp":1.742444021017536e+09,"test_rmse":211.7066192626953,"_wandb":{"runtime":238},"test_mspe":0.011645982041954994,"_runtime":238.705914,"test_mape":0.10032462328672409,"test_mse":44819.69140625}