{"_wandb":{"runtime":83},"_runtime":83.634066,"test_mae":133.4839630126953,"_step":10,"test_mspe":0.006011012941598892,"_timestamp":1.742396907061051e+09,"Final Batch Visualization":{"format":"png","width":1000,"height":500,"_type":"image-file","sha256":"55d28997b7be6cdece47bad929f8ac2ea2eaa36e97de43b8724af1f94727141a","size":40835,"path":"media/images/Final Batch Visualization_9_55d28997b7be6cdece47.png"},"test_mape":0.06825459748506546,"test_d_stat":45.804073033707866,"test_rmse":152.14108276367188,"test_mse":23146.91015625}